Natasha I Gillett Photography,natasha-i-gillett-photography,"https://london.bridestory.com/images/c_fill,dpr_1.0,f_auto,fl_progressive,h_160,pg_1,q_80,w_160/v1/assets/profile_fearless_bxf2cy/natasha-i-gillett-photography.jpg",Photography,"Bangkok, TH"
KORO FILMS,koro-films,"https://london.bridestory.com/images/c_fill,dpr_1.0,f_auto,fl_progressive,h_160,pg_1,q_80,w_160/v1/assets/44991980_1881161308628529_5464001288813412352_o-ry9a2A6Ir/koro-films.jpg",Videography,"Bangkok, TH"
Dreamcatchers Events,dreamcatchers-events,"https://london.bridestory.com/images/c_fill,dpr_1.0,f_auto,fl_progressive,h_160,pg_1,q_80,w_160/v1/assets/wedding-villa-mia-2-rJW7KAY4z/dreamcatchers-events.jpeg",Wedding Planning,"Koh Samui, TH"
The Bridal Planner Thailand,the-bridal-planner-thailand,"https://london.bridestory.com/images/c_fill,dpr_1.0,f_auto,fl_progressive,h_160,pg_1,q_80,w_160/v1/assets/the-bridal-planner-1531924730-r14bbR3QX/the-bridal-planner-thailand.png",Wedding Planning,"Phuket, TH"
"Shangri-La Hotel, Bangkok",shangri-la-hotel-bangkok,"https://london.bridestory.com/images/c_fill,dpr_1.0,f_auto,fl_progressive,h_160,pg_1,q_80,w_160/v1/assets/2_mzbvln/shangri-la-hotel-bangkok.jpg",Venue,"Bangkok, TH"
Gina Smith Photography,gina-smith-photography,"https://london.bridestory.com/images/c_fill,dpr_1.0,f_auto,fl_progressive,h_160,pg_1,q_80,w_160/v1/assets/13876687_10154367004076197_2867260202215784947_n_rup861/gina-smith-photography.jpg",Photography,"Phuket, TH"
Darla Mina Photography Studio,darla-mina-photography-studio,"https://london.bridestory.com/images/c_fill,dpr_1.0,f_auto,fl_progressive,h_160,pg_1,q_80,w_160/v1/assets/6_sgbaln/darla-mina-photography-studio.jpg",Photography,"Bangkok, TH"
Pream- photography,pream-photography,"https://london.bridestory.com/images/c_fill,dpr_1.0,f_auto,fl_progressive,h_160,pg_1,q_80,w_160/v1/assets/561741_3688221245124_2083834030_n_kfazvy/pream-photography.jpg",Photography,"Bangkok, TH"
Catherine Mead Photography,catherine-mead-photography,"https://london.bridestory.com/images/c_fill,dpr_1.0,f_auto,fl_progressive,h_160,pg_1,q_80,w_160/v1/assets/Catherine-Mead-High-Res_pbgs2n/catherine-mead-photography.jpg",Photography,"Phuket, TH"
Unique Wedding and Events,unique-wedding-and-events,"https://london.bridestory.com/images/c_fill,dpr_1.0,f_auto,fl_progressive,h_160,pg_1,q_80,w_160/v1/assets/gooooooollllldddddd-B11opUL38/unique-wedding-and-events.png",Wedding Planning,"Koh Samui, TH"
Wedding Boutique Phuket,wedding-boutique-phuket,"https://london.bridestory.com/images/c_fill,dpr_1.0,f_auto,fl_progressive,h_160,pg_1,q_80,w_160/v1/assets/Phuket_WEDDING_BOUTIQUE_logo_orq4n8/wedding-boutique-phuket.jpg",Wedding Planning,"Phuket, TH"
IAMFLOWER,iamflower,"https://london.bridestory.com/images/c_fill,dpr_1.0,f_auto,fl_progressive,h_160,pg_1,q_80,w_160/v1/assets/file_xj6bji/iamflower.png",Decoration & Lighting,"Phuket, TH"
Makeup by Lamai,makeup-by-lamai,"https://london.bridestory.com/images/c_fill,dpr_1.0,f_auto,fl_progressive,h_160,pg_1,q_80,w_160/v1/assets/tps_8197-2-SkStJUY6z/makeup-by-lamai.jpg",Hair & Makeup,"Chiengmai, TH"
Hipster Wedding,hipster-wedding,"https://london.bridestory.com/images/c_fill,dpr_1.0,f_auto,fl_progressive,h_160,pg_1,q_80,w_160/v1/assets/d-a-logo-rkVPdxavH/hipster-wedding.png",Photography,"Phuket, TH"
Wow Make Up in Phuket,wow-make-up-in-phuket,"https://london.bridestory.com/images/c_fill,dpr_1.0,f_auto,fl_progressive,h_160,pg_1,q_80,w_160/v1/assets/phuketmakeupartist-airbrushmakeup-airbrushphuket-phuketwedding-makeupandhairphuket-wowmakeup-bridalmakeup-airbrushmakeupartist-www.weddingmakeupinphuket.com-4-SyqO9E2Dz/wow-make-up-in-phuket.jpg",Hair & Makeup,"Phuket, TH"
Aidan Dockery,aidan-dockery,"https://london.bridestory.com/images/c_fill,dpr_1.0,f_auto,fl_progressive,h_160,pg_1,q_80,w_160/v1/assets/portrait-250x250_enudc4/aidan-dockery.jpg",Photography,"Bangkok, TH"
Wedding Idea & The Event Thailand,wedding-idea-the-event-thailand,"https://london.bridestory.com/images/c_fill,dpr_1.0,f_auto,fl_progressive,h_160,pg_1,q_80,w_160/v1/assets/V5D32340_cms6yg/wedding-idea-the-event-thailand.jpg",Wedding Planning,"Surat (Surat Thani), TH"
Go Samui Catering,go-samui-catering,"https://london.bridestory.com/images/c_fill,dpr_1.0,f_auto,fl_progressive,h_160,pg_1,q_80,w_160/v1/assets/Go_Samui_Catering_logo-01_h9k9n5/go-samui-catering.jpg",Catering,"Surat (Surat Thani), TH"
Millennium Hilton Bangkok,millennium-hilton-bangkok,"https://london.bridestory.com/images/c_fill,dpr_1.0,f_auto,fl_progressive,h_160,pg_1,q_80,w_160/v1/assets/Logo_Millenmium_Hilton_Bangkok_kcafhf/millennium-hilton-bangkok.jpg",Venue,"Bangkok, TH"
Miidear : Art Of Inviting,miidear-art-of-inviting,"https://london.bridestory.com/images/c_fill,dpr_1.0,f_auto,fl_progressive,h_160,pg_1,q_80,w_160/v1/assets/bridestory-rJO7DhgxL/miidear-art-of-inviting.jpg",Invitations,"Bangkok, TH"
Conrad Bangkok,conrad-bangkok,"https://london.bridestory.com/images/c_fill,dpr_1.0,f_auto,fl_progressive,h_160,pg_1,q_80,w_160/v1/assets/Logo9x9_gbckkl/conrad-bangkok.jpg",Venue,"Bangkok, TH"
Unique Phuket Wedding Planners,unique-phuket-wedding-planners,"https://london.bridestory.com/images/c_fill,dpr_1.0,f_auto,fl_progressive,h_160,pg_1,q_80,w_160/v1/assets/unnamed-BkPY33KOB/unique-phuket-wedding-planners.jpg",Wedding Planning,"Phuket, TH"
SO PRODUCTION THAILAND (EVENT & WEDDING),so-productions-thailand-event-wedding,"https://london.bridestory.com/images/c_fill,dpr_1.0,f_auto,fl_progressive,h_160,pg_1,q_80,w_160/v1/assets/19238006_1923139351294086_6098837407376558969_o_ycwqdv/so-productions-thailand-event-wedding.jpg",Wedding Planning,"Koh Samui, TH"
SO PRODUCTION THAILAND (EVENT & WEDDING),so-productions-thailand-event-wedding,"https://london.bridestory.com/images/c_fill,dpr_1.0,f_auto,fl_progressive,h_160,pg_1,q_80,w_160/v1/assets/19238006_1923139351294086_6098837407376558969_o_ycwqdv/so-productions-thailand-event-wedding.jpg",Wedding Planning,"Koh Samui, TH"
Hilton Pattaya,hilton-pattaya,"https://london.bridestory.com/images/c_fill,dpr_1.0,f_auto,fl_progressive,h_160,pg_1,q_80,w_160/v1/assets/Hilton_Pattaya_logo_llq0kw/hilton-pattaya.jpg",Venue,"Pattaya, TH"
Millennium Hilton Bangkok,millennium-hilton-bangkok,"https://london.bridestory.com/images/c_fill,dpr_1.0,f_auto,fl_progressive,h_160,pg_1,q_80,w_160/v1/assets/Logo_Millenmium_Hilton_Bangkok_kcafhf/millennium-hilton-bangkok.jpg",Venue,"Bangkok, TH"
Lovell Productions,lovell-productions,"https://london.bridestory.com/images/c_fill,dpr_1.0,f_auto,fl_progressive,h_160,pg_1,q_80,w_160/v1/assets/volcano_otgab5/lovell-productions.jpg",Videography,"Phuket, TH"
Dream Asia Weddings,dream-asia-weddings,"https://london.bridestory.com/images/c_fill,dpr_1.0,f_auto,fl_progressive,h_160,pg_1,q_80,w_160/v1/assets/CI00011_272_bnruaa/dream-asia-weddings.jpg",Wedding Planning,"Surat (Surat Thani), TH"
Koh Samui Wedding dj,koh-samui-wedding-dj,"https://london.bridestory.com/images/c_fill,dpr_1.0,f_auto,fl_progressive,h_160,pg_1,q_80,w_160/v1/assets/10615482_887736851248840_1630100160410642550_n-BJH2PV-2H/koh-samui-wedding-dj.jpg",Entertainment (DJ),"Koh Samui, TH"
I Marry wedding,i-marry-wedding,"https://london.bridestory.com/images/c_fill,dpr_1.0,f_auto,fl_progressive,h_160,pg_1,q_80,w_160/v1/assets/img_5404-Skw-m98jL/i-marry-wedding.jpg",Decoration & Lighting,"Phuket, TH"
Dimas Frolov,dimas-frolov,,Photography,"Surat (Surat Thani), TH"
BLISS Events & Weddings Thailand,bliss-events-weddings-thailand,"https://london.bridestory.com/images/c_fill,dpr_1.0,f_auto,fl_progressive,h_160,pg_1,q_80,w_160/v1/assets/logo-bliss-2020-01-r1fKaKlrU/bliss-events-weddings-thailand.png",Wedding Planning,"Koh Samui, TH"
NARAKORN PHOTOGRAPHY,narakorn-photography,"https://london.bridestory.com/images/c_fill,dpr_1.0,f_auto,fl_progressive,h_160,pg_1,q_80,w_160/v1/assets/file_yvybgr/narakorn-photography.png",Photography,"Bangkok, TH"
The Park East,the-park-east,"https://london.bridestory.com/images/c_fill,dpr_1.0,f_auto,fl_progressive,h_160,pg_1,q_80,w_160/v1/assets/tpecws-1-resize-ry5vvsvws-BkKL_IOPr/the-park-east.jpg",Venue,"Bangkok, TH"
Koh Samui Events,koh-samui-events,"https://london.bridestory.com/images/c_fill,dpr_1.0,f_auto,fl_progressive,h_160,pg_1,q_80,w_160/v1/assets/youtube-logo-B16Ey3LCG/koh-samui-events.jpg",Entertainment (DJ),"Koh Samui, TH"
Narz Studio,narz-studio,"https://london.bridestory.com/images/c_fill,dpr_1.0,f_auto,fl_progressive,h_160,pg_1,q_80,w_160/v1/assets/narz-photography-1536421935-SJKElubu7/narz-studio.png",Photography,"Surat (Surat Thani), TH"
Luxury Events Phuket,luxury-events-phuket,"https://london.bridestory.com/images/c_fill,dpr_1.0,f_auto,fl_progressive,h_160,pg_1,q_80,w_160/v1/assets/1RG8RyH0_qywdli/luxury-events-phuket.jpg",Wedding Planning,"Phuket, TH"
Novotel Bangkok Sukhumvit 20,novotel-bangkok-sukhumvit-20,"https://london.bridestory.com/images/c_fill,dpr_1.0,f_auto,fl_progressive,h_160,pg_1,q_80,w_160/v1/assets/logo-HJ15SLD0V/novotel-bangkok-sukhumvit-20.jpg",Venue,"Bangkok, TH"
Hilton Hua Hin Resort & Spa,hilton-hua-hin-resort-spa,"https://london.bridestory.com/images/c_fill,dpr_1.0,f_auto,fl_progressive,h_160,pg_1,q_80,w_160/v1/assets/20140318135537_mr8fmn/hilton-hua-hin-resort-spa.jpg",Venue,"Hua Hin, TH"
Dream Asia Weddings,dream-asia-weddings,"https://london.bridestory.com/images/c_fill,dpr_1.0,f_auto,fl_progressive,h_160,pg_1,q_80,w_160/v1/assets/CI00011_272_bnruaa/dream-asia-weddings.jpg",Wedding Planning,"Surat (Surat Thani), TH"
Impiana Resort Chaweng Noi - Koh Samui Thailand,impiana-resort-chaweng-noi-koh-samui-thailand,"https://london.bridestory.com/images/c_fill,dpr_1.0,f_auto,fl_progressive,h_160,pg_1,q_80,w_160/v1/assets/img-3847-BkknnHOgB/impiana-resort-chaweng-noi-koh-samui-thailand.jpg",Venue,"Koh Samui, TH"
Perfect Senses Events,perfect-senses-events,"https://london.bridestory.com/images/c_fill,dpr_1.0,f_auto,fl_progressive,h_160,pg_1,q_80,w_160/v1/assets/1520185378388-Skb-04nMS/perfect-senses-events.jpg",Wedding Planning,"Phuket, TH"
Catherine Mead Photography,catherine-mead-photography,"https://london.bridestory.com/images/c_fill,dpr_1.0,f_auto,fl_progressive,h_160,pg_1,q_80,w_160/v1/assets/Catherine-Mead-High-Res_pbgs2n/catherine-mead-photography.jpg",Photography,"Phuket, TH"
Dimas Frolov,dimas-frolov,"https://london.bridestory.com/images/c_fill,dpr_1.0,f_auto,fl_progressive,h_160,pg_1,q_80,w_160/v1/assets/DMS_1778_1200_qm9mv2/dimas-frolov.jpg",Photography,"Surat (Surat Thani), TH"
Lovedezign Photography,lovedezign-photography,"https://london.bridestory.com/images/c_fill,dpr_1.0,f_auto,fl_progressive,h_160,pg_1,q_80,w_160/v1/assets/lovedezign_chiangmai_250pixel_teextb/lovedezign-photography.jpg",Photography,"Bangkok, TH"
BLISS Events & Weddings Thailand,bliss-events-weddings-thailand,"https://london.bridestory.com/images/c_fill,dpr_1.0,f_auto,fl_progressive,h_160,pg_1,q_80,w_160/v1/assets/logo-bliss-2020-01-r1fKaKlrU/bliss-events-weddings-thailand.png",Wedding Planning,"Koh Samui, TH"
Wainwright Weddings,wainwright-weddings,"https://london.bridestory.com/images/c_fill,dpr_1.0,f_auto,fl_progressive,h_160,pg_1,q_80,w_160/v1/assets/julian_abram_wainwright_portrait-503square_bmshvt/wainwright-weddings.jpg",Photography,"Bangkok, TH"
Phuket Makeup Artist,phuket-makeup-artist,"https://london.bridestory.com/images/c_fill,dpr_1.0,f_auto,fl_progressive,h_160,pg_1,q_80,w_160/v1/assets/wowmakeupinphuket-phuketmakeupartist-theartistphuket-wow-weddinginthailand-hairandmakeup-oh-supansamua-wowmeoh-bridal-destinationwedding-hairdresser-airbrushmakeup-www.makeupinphuket.com-4-Sk2UumwIS/phuket-makeup-artist.jpg",Hair & Makeup,"Phuket, TH"
The Bridal Planner Thailand,the-bridal-planner-thailand,"https://london.bridestory.com/images/c_fill,dpr_1.0,f_auto,fl_progressive,h_160,pg_1,q_80,w_160/v1/assets/the-bridal-planner-1531924730-r14bbR3QX/the-bridal-planner-thailand.png",Wedding Planning,"Phuket, TH"
Ban Tai Estate villas,ban-tai-estate-villas,"https://london.bridestory.com/images/c_fill,dpr_1.0,f_auto,fl_progressive,h_160,pg_1,q_80,w_160/v1/assets/logo-HyGi2XHIN/ban-tai-estate-villas.png",Venue,"Koh Samui, TH"
Azure Weddings,azure-weddings,"https://london.bridestory.com/images/c_fill,dpr_1.0,f_auto,fl_progressive,h_160,pg_1,q_80,w_160/v1/assets/13453119_10154235087748210_1274410000_o_jyjovl/azure-weddings.jpg",Wedding Planning,"Surat (Surat Thani), TH"
Beach Weddings Koh Phangan,beach-weddings-koh-phangan,"https://london.bridestory.com/images/c_fill,dpr_1.0,f_auto,fl_progressive,h_160,pg_1,q_80,w_160/v1/assets/file_ynszdx/beach-weddings-koh-phangan.png",Wedding Planning,"Koh Phangan, TH"
Perfect Senses Events,perfect-senses-events,"https://london.bridestory.com/images/c_fill,dpr_1.0,f_auto,fl_progressive,h_160,pg_1,q_80,w_160/v1/assets/1520185378388-Skb-04nMS/perfect-senses-events.jpg",Wedding Planning,"Phuket, TH"
Anne Sophie MAESTRACCI Wedding Photography,anne-sophie-maestracci-wedding-photography,"https://london.bridestory.com/images/c_fill,dpr_1.0,f_auto,fl_progressive,h_160,pg_1,q_80,w_160/v1/assets/Wedding_Photographer_koh_Samui_Thailand_5_b5stf9/anne-sophie-maestracci-wedding-photography.jpg",Photography,"Surat (Surat Thani), TH"
Hipster Wedding,hipster-wedding,"https://london.bridestory.com/images/c_fill,dpr_1.0,f_auto,fl_progressive,h_160,pg_1,q_80,w_160/v1/assets/d-a-logo-rkVPdxavH/hipster-wedding.png",Photography,"Phuket, TH"
Phangan Weddings,phangan-weddings,"https://london.bridestory.com/images/c_fill,dpr_1.0,f_auto,fl_progressive,h_160,pg_1,q_80,w_160/v1/assets/11412326_106315739712118_1830600301294010054_n_qqckab/phangan-weddings.jpg",Wedding Planning,"Surat (Surat Thani), TH"
adrianotrapani.com,adrianotrapani-com,"https://london.bridestory.com/images/c_fill,dpr_1.0,f_auto,fl_progressive,h_160,pg_1,q_80,w_160/v1/assets/39846754_1613356778776310_2856475022199881728_n-SJ3OLMZ_X/adrianotrapani-com.jpg",Photography,"Phuket, TH"
Miidear : Art Of Inviting,miidear-art-of-inviting,"https://london.bridestory.com/images/c_fill,dpr_1.0,f_auto,fl_progressive,h_160,pg_1,q_80,w_160/v1/assets/bridestory-rJO7DhgxL/miidear-art-of-inviting.jpg",Invitations,"Bangkok, TH"
Go Samui Catering,go-samui-catering,"https://london.bridestory.com/images/c_fill,dpr_1.0,f_auto,fl_progressive,h_160,pg_1,q_80,w_160/v1/assets/Go_Samui_Catering_logo-01_h9k9n5/go-samui-catering.jpg",Catering,"Surat (Surat Thani), TH"
Belle Amour,belle-amour,"https://london.bridestory.com/images/c_fill,dpr_1.0,f_auto,fl_progressive,h_160,pg_1,q_80,w_160/v1/assets/409482_192300244203874_914905626_n_xw0d9f/belle-amour.jpg",Wedding Planning,"Bangkok, TH"
Makeup by Lavina,makeup-by-lavina,"https://london.bridestory.com/images/c_fill,dpr_1.0,f_auto,fl_progressive,h_160,pg_1,q_80,w_160/v1/assets/brush_e9vy1y/makeup-by-lavina.jpg",Hair & Makeup,"Bangkok, TH"
Wedding Boutique Phuket,wedding-boutique-phuket,"https://london.bridestory.com/images/c_fill,dpr_1.0,f_auto,fl_progressive,h_160,pg_1,q_80,w_160/v1/assets/Phuket_WEDDING_BOUTIQUE_logo_orq4n8/wedding-boutique-phuket.jpg",Wedding Planning,"Phuket, TH"
Anne Sophie MAESTRACCI Wedding Photography,anne-sophie-maestracci-wedding-photography,"https://london.bridestory.com/images/c_fill,dpr_1.0,f_auto,fl_progressive,h_160,pg_1,q_80,w_160/v1/assets/Wedding_Photographer_koh_Samui_Thailand_5_b5stf9/anne-sophie-maestracci-wedding-photography.jpg",Photography,"Surat (Surat Thani), TH"
Samui Weddings and Events,samui-weddings-and-events,"https://london.bridestory.com/images/c_fill,dpr_1.0,f_auto,fl_progressive,h_160,pg_1,q_80,w_160/v1/assets/Jacqui_owsgut/samui-weddings-and-events.jpg",Wedding Planning,"Surat (Surat Thani), TH"
NARAKORN PHOTOGRAPHY,narakorn-photography,"https://london.bridestory.com/images/c_fill,dpr_1.0,f_auto,fl_progressive,h_160,pg_1,q_80,w_160/v1/assets/file_yvybgr/narakorn-photography.png",Photography,"Bangkok, TH"
Makeup Artist - http://krystinassecrets.com,makeup-artist-httpkrystinassecrets-com,"https://london.bridestory.com/images/c_fill,dpr_1.0,f_auto,fl_progressive,h_160,pg_1,q_80,w_160/v1/assets/LOGO-2_vi2oei/makeup-artist-httpkrystinassecrets-com.jpg",Hair & Makeup,"Bankok, TH"
Unique Phuket Wedding Planners,unique-phuket-wedding-planners,"https://london.bridestory.com/images/c_fill,dpr_1.0,f_auto,fl_progressive,h_160,pg_1,q_80,w_160/v1/assets/unnamed-BkPY33KOB/unique-phuket-wedding-planners.jpg",Wedding Planning,"Phuket, TH"
Top photography,top-photography-1,"https://london.bridestory.com/images/c_fill,dpr_1.0,f_auto,fl_progressive,h_160,pg_1,q_80,w_160/v1/assets/dlya-insta-BkWEX1jXL/top-photography-1.jpg",Photography,"Surat (Surat Thani), TH"
Koro Studio,koro-studio,"https://london.bridestory.com/images/c_fill,dpr_1.0,f_auto,fl_progressive,h_160,pg_1,q_80,w_160/v1/assets/koro-250px-logo_okzu6c/koro-studio.jpg",Photography,"Bangkok, TH"
DOLCEVITA Wedding Cinema,dolcevita-wedding-cinema,"https://london.bridestory.com/images/c_fill,dpr_1.0,f_auto,fl_progressive,h_160,pg_1,q_80,w_160/v1/assets/schermata-2018-05-15-HJb7gSdAG/dolcevita-wedding-cinema.jpg",Videography,"Phuket, TH"
Samujana Villas,samujana-villas,"https://london.bridestory.com/images/c_fill,dpr_1.0,f_auto,fl_progressive,h_160,pg_1,q_80,w_160/v1/assets/alice-and-ryan-16.08.2014-94-rk6qPy48H/samujana-villas.jpg",Venue,"Koh Samui, TH"
Phuket Wedding Planner by Phuket Weds,phuket-wedding-planner-by-phuket-weds,"https://london.bridestory.com/images/c_fill,dpr_1.0,f_auto,fl_progressive,h_160,pg_1,q_80,w_160/v1/assets/naka-kamala-wedding-package-rybvkOc6I/phuket-wedding-planner-by-phuket-weds.jpg",Wedding Planning,"Phuket, TH"
Villa Aye,villa-aye,"https://london.bridestory.com/images/c_fill,dpr_1.0,f_auto,fl_progressive,h_160,pg_1,q_80,w_160/v1/assets/279_1500956401-resized-ryRgHOYDL/villa-aye.jpg",Venue,"Phuket, TH"
Belle Amour,belle-amour,"https://london.bridestory.com/images/c_fill,dpr_1.0,f_auto,fl_progressive,h_160,pg_1,q_80,w_160/v1/assets/409482_192300244203874_914905626_n_xw0d9f/belle-amour.jpg",Wedding Planning,"Bangkok, TH"
darinimages,darinimages,"https://london.bridestory.com/images/c_fill,dpr_1.0,f_auto,fl_progressive,h_160,pg_1,q_80,w_160/v1/assets/darinimages-105_ethbkc/darinimages.jpg",Photography,"Phuket, TH"
Bespoke Experiences,bespoke-experiences,"data:image/png;base64,iVBORw0KGgoAAAANSUhEUgAAAJoAAACaCAMAAABmIaElAAAAM1BMVEXc3Nze3t7////a2tr9/f319fXj4+P39/f7+/vw8PDl5eXt7e35+fnr6+vp6eny8vLn5+cXqzwfAAAFRklEQVR42uzY3XKCMBBA4bMuJvyN+P5PW2cKrCi0gUDCBdubTmHs6eeiUmTNEDmyZljXJZFfcEAaCNFqq+IID9tFTRDYMw1hPzWE3dKAfdWAXdL6nn3VgPg0hF3VrC4yDThKDYhJgyPU7IE2p8HBasC2NITD1OwnW9IghRqsTyOVGivTgFRqwJo0OFjt80BwGonVIDQNkqsRlkYGNQhJgyxq/J9GJjX4Lw2yqfF3GhnV4O+0RGoSwMY8mmRRYzkNMquxlEZ2NZhPgxOovfcsoOVSm00jmVoYm33HSdTgO42T7JoVGdoprlCAaRqcSI1p2ol2jUkawGmuUIT3tFPtGlgagWrLGKqMW6tKrBpDGkTumqqrm863Zdn6rqmdaqwaphaza4prytvblI1DiVLr04hTU3e/fc3daZwav2kxaipVcZuZohKNUOu7YtTU+dvCeKcxaqxT+16zurwtTllrxK4RpzYtK/1rymlblBrbd02dhbTV0wmIe1attTndrgZsVlPxY8ND9DWgr5HHWOxFE6lN47UZCjqnOnkB7oYjjZJBTd3wqlGh7w8CStUfKpym3zXohjLl889Eh7Yqh9qAdkdBJmqg3Ae2DGqNXYVfasJ49TaQXK21pxNBpmr2lLbJr1BcMe55f+iDbTwhtZo++k1T5tXQftsemlhNK3s+J2ozZ6RVM5MlNXNNrdanFc8PNTtJn0WflketqFlSoy4yqXlLm921Mc0nV/Ohav5Su9QutUvtUjvmPdTOyfce2oV+8uiuz2s2vYlfVvOD63VvcNo7qpn70GLpPrTIdR9qv9vL3N27eCtPrjb+y6X7ad9cdFWFgSg6myktjxb6/197Jac6kQMCdqDc5Gyj0QRwuZxCMi3E85/J0hChi62JNmGTXX/IRBoK9tec5ZXec+AS1kBcyyQG+AUGmeCo5a++1Fqq9QQ3DhYA7DBOYDJCitTaI7apJMZ4b0wlaSw/cnGnaOKCjaH11Yf4NkSLie4ya8zUhdE11Y40bgwdMV9gjYgRR2eqAzGujWCiU60xw7aNcO2na1qb3J1ijRmDq76NqQcw0ynWmAa/bqXx3jv3eGnWrfqB+ARrxNEtIPm67cPQWWuRYq3thtC3tV9AdJFJ2xpj/PU1begsiFdCsN3C2WUEk6o1tm5W1TFR0WoSXxwbM5vC1bM2n5L1YwSRQGHxkTI5iqOfTZOqWXu7IE0DbbbVQmZ8GOq3C5iaNXgB64hlly1r8pYpCpxTqzVuZYBxAjti7QXnK5kMVLHGaJ5HxA8ZDlubniyj3IMzrSVp8Ukmxg5bSx+e/iPrWAupzNKW31lLL6nggpK1XjoEedakR9MrWUtoIW2YYQ0UEpqutUD51ij8Wfuz9l9b6znfGve657VBri6ZYfh0jlSy9loHYzkz9rVmZo81bFqTtoupM2OkTaOz6o+HSjkDq62VrHXJaqJta3vX5XpNMid1rrAuF06VbNMaaO8acGLqjQ6Y6aUrrbAGfGJjG+rGZKapg2UmwpY1QduwlsRBIcRy5PXsv0sDpBk5ssJdGkKqwnXIGvZZQ/7jRZdxR1BBa+9ouNzaljRBu5E1zNFuVGtztNuMUPxGw02sLaDdpNYW0XCLEbqMdgNrWENDcWvraIWt4RNa0RH6Ga3oeQ2f0VDQ2hZaMWvYRkMha3vQiljDPjQUsLYX7XJr2I+Gi60dQQOuswYcRMNl19Av0K6xhm/QcIm1L9FAONca8DUaTh6hOWjAedaATDScVmsKaKAzrEEFDfrWoIYmx1WxBk00QM8aoIwGLWvQRJNkSzuSfy/QQTehkNW1AAAAAElFTkSuQmCC",Wedding Planning,"Phuket, TH"
"Prestige Creations Co.,Ltd.",prestige-creations-co-ltd,"https://london.bridestory.com/images/c_fill,dpr_1.0,f_auto,fl_progressive,h_160,pg_1,q_80,w_160/v1/assets/Dennis-Wisser_dtqoba/prestige-creations-co-ltd.jpg",Invitations,"Kang (Chiang Mai), TH"
The Romance Planners,the-romance-planners,"https://london.bridestory.com/images/c_fill,dpr_1.0,f_auto,fl_progressive,h_160,pg_1,q_80,w_160/v1/assets/250_gq8shv/the-romance-planners.jpg",Wedding Planning,"Phuket, TH"
Wainwright Weddings,wainwright-weddings,"https://london.bridestory.com/images/c_fill,dpr_1.0,f_auto,fl_progressive,h_160,pg_1,q_80,w_160/v1/assets/julian_abram_wainwright_portrait-503square_bmshvt/wainwright-weddings.jpg",Photography,"Bangkok, TH"
The Romance Planners,the-romance-planners,"https://london.bridestory.com/images/c_fill,dpr_1.0,f_auto,fl_progressive,h_160,pg_1,q_80,w_160/v1/assets/250_gq8shv/the-romance-planners.jpg",Wedding Planning,"Phuket, TH"
Indian wedding planner in Thailand,indian-wedding-planner-in-thailand,"https://london.bridestory.com/images/c_fill,dpr_1.0,f_auto,fl_progressive,h_160,pg_1,q_80,w_160/v1/assets/untitled-design-rJg2QMvrX/indian-wedding-planner-in-thailand.png",Wedding Planning,"Bangkok, TH"
L'Amour Phuket Weddings,lamour-phuket-weddings,"https://london.bridestory.com/images/c_fill,dpr_1.0,f_auto,fl_progressive,h_160,pg_1,q_80,w_160/v1/assets/wedding-webiste-ByhBmWldz/lamour-phuket-weddings.jpg",Wedding Planning,"Phuket, TH"
Beach Weddings Koh Phangan,beach-weddings-koh-phangan,"https://london.bridestory.com/images/c_fill,dpr_1.0,f_auto,fl_progressive,h_160,pg_1,q_80,w_160/v1/assets/file_ynszdx/beach-weddings-koh-phangan.png",Wedding Planning,"Koh Phangan, TH"
Koro Studio,koro-studio,"https://london.bridestory.com/images/c_fill,dpr_1.0,f_auto,fl_progressive,h_160,pg_1,q_80,w_160/v1/assets/koro-250px-logo_okzu6c/koro-studio.jpg",Photography,"Bangkok, TH"
Makeup by Lavina,makeup-by-lavina,"https://london.bridestory.com/images/c_fill,dpr_1.0,f_auto,fl_progressive,h_160,pg_1,q_80,w_160/v1/assets/brush_e9vy1y/makeup-by-lavina.jpg",Hair & Makeup,"Bangkok, TH"
Luxury Events Phuket,luxury-events-phuket,"https://london.bridestory.com/images/c_fill,dpr_1.0,f_auto,fl_progressive,h_160,pg_1,q_80,w_160/v1/assets/1RG8RyH0_qywdli/luxury-events-phuket.jpg",Wedding Planning,"Phuket, TH"
Bespoke Experiences,bespoke-experiences,"data:image/png;base64,iVBORw0KGgoAAAANSUhEUgAAAJoAAACaCAMAAABmIaElAAAAM1BMVEXc3Nze3t7////a2tr9/f319fXj4+P39/f7+/vw8PDl5eXt7e35+fnr6+vp6eny8vLn5+cXqzwfAAAFRklEQVR42uzY3XKCMBBA4bMuJvyN+P5PW2cKrCi0gUDCBdubTmHs6eeiUmTNEDmyZljXJZFfcEAaCNFqq+IID9tFTRDYMw1hPzWE3dKAfdWAXdL6nn3VgPg0hF3VrC4yDThKDYhJgyPU7IE2p8HBasC2NITD1OwnW9IghRqsTyOVGivTgFRqwJo0OFjt80BwGonVIDQNkqsRlkYGNQhJgyxq/J9GJjX4Lw2yqfF3GhnV4O+0RGoSwMY8mmRRYzkNMquxlEZ2NZhPgxOovfcsoOVSm00jmVoYm33HSdTgO42T7JoVGdoprlCAaRqcSI1p2ol2jUkawGmuUIT3tFPtGlgagWrLGKqMW6tKrBpDGkTumqqrm863Zdn6rqmdaqwaphaza4prytvblI1DiVLr04hTU3e/fc3daZwav2kxaipVcZuZohKNUOu7YtTU+dvCeKcxaqxT+16zurwtTllrxK4RpzYtK/1rymlblBrbd02dhbTV0wmIe1attTndrgZsVlPxY8ND9DWgr5HHWOxFE6lN47UZCjqnOnkB7oYjjZJBTd3wqlGh7w8CStUfKpym3zXohjLl889Eh7Yqh9qAdkdBJmqg3Ae2DGqNXYVfasJ49TaQXK21pxNBpmr2lLbJr1BcMe55f+iDbTwhtZo++k1T5tXQftsemlhNK3s+J2ozZ6RVM5MlNXNNrdanFc8PNTtJn0WflketqFlSoy4yqXlLm921Mc0nV/Ohav5Su9QutUvtUjvmPdTOyfce2oV+8uiuz2s2vYlfVvOD63VvcNo7qpn70GLpPrTIdR9qv9vL3N27eCtPrjb+y6X7ad9cdFWFgSg6myktjxb6/197Jac6kQMCdqDc5Gyj0QRwuZxCMi3E85/J0hChi62JNmGTXX/IRBoK9tec5ZXec+AS1kBcyyQG+AUGmeCo5a++1Fqq9QQ3DhYA7DBOYDJCitTaI7apJMZ4b0wlaSw/cnGnaOKCjaH11Yf4NkSLie4ya8zUhdE11Y40bgwdMV9gjYgRR2eqAzGujWCiU60xw7aNcO2na1qb3J1ijRmDq76NqQcw0ynWmAa/bqXx3jv3eGnWrfqB+ARrxNEtIPm67cPQWWuRYq3thtC3tV9AdJFJ2xpj/PU1begsiFdCsN3C2WUEk6o1tm5W1TFR0WoSXxwbM5vC1bM2n5L1YwSRQGHxkTI5iqOfTZOqWXu7IE0DbbbVQmZ8GOq3C5iaNXgB64hlly1r8pYpCpxTqzVuZYBxAjti7QXnK5kMVLHGaJ5HxA8ZDlubniyj3IMzrSVp8Ukmxg5bSx+e/iPrWAupzNKW31lLL6nggpK1XjoEedakR9MrWUtoIW2YYQ0UEpqutUD51ij8Wfuz9l9b6znfGve657VBri6ZYfh0jlSy9loHYzkz9rVmZo81bFqTtoupM2OkTaOz6o+HSjkDq62VrHXJaqJta3vX5XpNMid1rrAuF06VbNMaaO8acGLqjQ6Y6aUrrbAGfGJjG+rGZKapg2UmwpY1QduwlsRBIcRy5PXsv0sDpBk5ssJdGkKqwnXIGvZZQ/7jRZdxR1BBa+9ouNzaljRBu5E1zNFuVGtztNuMUPxGw02sLaDdpNYW0XCLEbqMdgNrWENDcWvraIWt4RNa0RH6Ga3oeQ2f0VDQ2hZaMWvYRkMha3vQiljDPjQUsLYX7XJr2I+Gi60dQQOuswYcRMNl19Av0K6xhm/QcIm1L9FAONca8DUaTh6hOWjAedaATDScVmsKaKAzrEEFDfrWoIYmx1WxBk00QM8aoIwGLWvQRJNkSzuSfy/QQTehkNW1AAAAAElFTkSuQmCC",Wedding Planning,"Phuket, TH"
Wonders & Weddings,wonders-weddings,"https://london.bridestory.com/images/c_fill,dpr_1.0,f_auto,fl_progressive,h_160,pg_1,q_80,w_160/v1/assets/d4d056a1-b45e-4ac0-9c50-9d6bb9944bd6-ByJ_9oLGP/wonders-weddings.png",Wedding Planning,"Bangkok, TH"
"Prestige Creations Co.,Ltd.",prestige-creations-co-ltd,"https://london.bridestory.com/images/c_fill,dpr_1.0,f_auto,fl_progressive,h_160,pg_1,q_80,w_160/v1/assets/Dennis-Wisser_dtqoba/prestige-creations-co-ltd.jpg",Invitations,"Kang (Chiang Mai), TH"
Lovedezign Photography,lovedezign-photography,"https://london.bridestory.com/images/c_fill,dpr_1.0,f_auto,fl_progressive,h_160,pg_1,q_80,w_160/v1/assets/lovedezign_chiangmai_250pixel_teextb/lovedezign-photography.jpg",Photography,"Bangkok, TH"
Narz Studio,narz-studio,"https://london.bridestory.com/images/c_fill,dpr_1.0,f_auto,fl_progressive,h_160,pg_1,q_80,w_160/v1/assets/narz-photography-1536421935-SJKElubu7/narz-studio.png",Photography,"Surat (Surat Thani), TH"
Conrad Koh Samui,conrad-koh-samui,"https://london.bridestory.com/images/c_fill,dpr_1.0,f_auto,fl_progressive,h_160,pg_1,q_80,w_160/v1/assets/Conrad_KohSamui_CMYK_CONTAINED_rtbuva/conrad-koh-samui.jpg",Venue,"Bangkok, TH"
phuketselfieprint,phuketselfieprint,"https://london.bridestory.com/images/c_fill,dpr_1.0,f_auto,fl_progressive,h_160,pg_1,q_80,w_160/v1/assets/18156860_665039440353462_1049181421635066909_n-HkzQDvqqL/phuketselfieprint.png",Photo booth,"Phuket, TH"
Samui Weddings and Events,samui-weddings-and-events,"https://london.bridestory.com/images/c_fill,dpr_1.0,f_auto,fl_progressive,h_160,pg_1,q_80,w_160/v1/assets/Jacqui_owsgut/samui-weddings-and-events.jpg",Wedding Planning,"Surat (Surat Thani), TH"
Asia House Catering,asia-house-catering,"https://london.bridestory.com/images/c_fill,dpr_1.0,f_auto,fl_progressive,h_160,pg_1,q_80,w_160/v1/assets/logo-rJ3hJrncH/asia-house-catering.jpg",Catering,"Phuket, TH"
Hilton Pattaya,hilton-pattaya,,Venue,"Pattaya, TH"
"Shangri-La Hotel, Bangkok",shangri-la-hotel-bangkok,"https://london.bridestory.com/images/c_fill,dpr_1.0,f_auto,fl_progressive,h_160,pg_1,q_80,w_160/v1/assets/2_mzbvln/shangri-la-hotel-bangkok.jpg",Venue,"Bangkok, TH"
Hilton Hua Hin Resort & Spa,hilton-hua-hin-resort-spa,,Venue,"Hua Hin, TH"
Conrad Koh Samui,conrad-koh-samui,"https://london.bridestory.com/images/c_fill,dpr_1.0,f_auto,fl_progressive,h_160,pg_1,q_80,w_160/v1/assets/Conrad_KohSamui_CMYK_CONTAINED_rtbuva/conrad-koh-samui.jpg",Venue,"Bangkok, TH"
IAMFLOWER,iamflower,"https://london.bridestory.com/images/c_fill,dpr_1.0,f_auto,fl_progressive,h_160,pg_1,q_80,w_160/v1/assets/file_xj6bji/iamflower.png",Decoration & Lighting,"Phuket, TH"
Unique Wedding and Events,unique-wedding-and-events,"https://london.bridestory.com/images/c_fill,dpr_1.0,f_auto,fl_progressive,h_160,pg_1,q_80,w_160/v1/assets/gooooooollllldddddd-B11opUL38/unique-wedding-and-events.png",Wedding Planning,"Koh Samui, TH"
Villa Aye,villa-aye,"https://london.bridestory.com/images/c_fill,dpr_1.0,f_auto,fl_progressive,h_160,pg_1,q_80,w_160/v1/assets/279_1500956401-resized-ryRgHOYDL/villa-aye.jpg",Venue,"Phuket, TH"
Conrad Bangkok,conrad-bangkok,"https://london.bridestory.com/images/c_fill,dpr_1.0,f_auto,fl_progressive,h_160,pg_1,q_80,w_160/v1/assets/Logo9x9_gbckkl/conrad-bangkok.jpg",Venue,"Bangkok, TH"
Gina Smith Photography,gina-smith-photography,"https://london.bridestory.com/images/c_fill,dpr_1.0,f_auto,fl_progressive,h_160,pg_1,q_80,w_160/v1/assets/13876687_10154367004076197_2867260202215784947_n_rup861/gina-smith-photography.jpg",Photography,"Phuket, TH"
inTROPICS,intropics,"https://london.bridestory.com/images/c_fill,dpr_1.0,f_auto,fl_progressive,h_160,pg_1,q_80,w_160/v1/assets/file_y8esxp/intropics.png",Wedding Planning,"Phuket, TH"
